{"z0": 50.0, "z1": -19.963064193725586, "uv": [[0.05088212341070175, 0.11853493005037308], [0.05088212341070175, 0.7510724663734436], [0.0341796875, 0.16597068309783936], [0.0341796875, 0.6913063526153564], [0.10152570903301239, 0.19443288445472717], [0.10152570903301239, 0.6630974411964417], [0.4019528329372406, 0.20026153326034546], [0.4019528329372406, 0.6578748822212219], [0.5987017154693604, 0.2013685554265976], [0.5987017154693604, 0.656902015209198], [0.86328125, 0.16399170458316803], [0.86328125, 0.693453848361969]]}