{"z0": 50.0, "z1": -17.278221130371094, "uv": [[0.06933856010437012, 0.07479635626077652], [0.06933856010437012, 0.804158091545105], [0.03125, 0.15174081921577454], [0.03125, 0.6856309771537781], [0.16022080183029175, 0.2422904372215271], [0.16022080183029175, 0.6091585159301758], [0.34735727310180664, 0.24799233675003052], [0.34735727310180664, 0.605569064617157], [0.6136444807052612, 0.20594817399978638], [0.6136444807052612, 0.6348108649253845], [0.8154296875, 0.15806631743907928], [0.8154296875, 0.6786741614341736]]}