{"z0": 50.0, "z1": -17.201282501220703, "uv": [[0.14596515893936157, 0.162950798869133], [0.14596515893936157, 0.672885000705719], [0.36328914761543274, 0.17018188536167145], [0.36328914761543274, 0.6655857563018799], [0.6273969411849976, 0.1622733771800995], [0.6273969411849976, 0.6735881567001343], [0.8612297773361206, 0.15436320006847382], [0.8612297773361206, 0.6820588111877441]]}