{"z0": 50.0, "z1": -18.816009521484375, "uv": [[0.11479145288467407, 0.19308194518089294], [0.11479145288467407, 0.6563408374786377], [0.4183181822299957, 0.2404811978340149], [0.4183181822299957, 0.6193404197692871], [0.607837975025177, 0.25891557335853577], [0.607837975025177, 0.6072180867195129], [0.8550474643707275, 0.22322210669517517], [0.8550474643707275, 0.6317288875579834]]}