{"z0": 50.0, "z1": -19.404827117919922, "uv": [[0.10730995982885361, 0.21613098680973053], [0.10730995982885361, 0.6409308910369873], [0.420007586479187, 0.2586580514907837], [0.420007586479187, 0.6105042695999146], [0.6046765446662903, 0.27541226148605347], [0.6046765446662903, 0.6000670194625854], [0.8637276887893677, 0.24290940165519714], [0.8637276887893677, 0.6210467219352722]]}