{"z0": 50.0, "z1": -17.788532257080078, "uv": [[0.040793441236019135, 0.12931615114212036], [0.040793441236019135, 0.7176571488380432], [0.0341796875, 0.15037448704242706], [0.0341796875, 0.6914869546890259], [0.08933758735656738, 0.16986951231956482], [0.08933758735656738, 0.6705622673034668], [0.40252959728240967, 0.16056367754936218], [0.40252959728240967, 0.6801943778991699], [0.6173615455627441, 0.17516516149044037], [0.6173615455627441, 0.6653479337692261], [0.875, 0.16897554695606232], [0.875, 0.6714610457420349]]}