{"z0": 50.0, "z1": -17.907976150512695, "uv": [[0.18648122251033783, 0.19926351308822632], [0.18648122251033783, 0.6446103453636169], [0.3547813594341278, 0.22341665625572205], [0.3547813594341278, 0.6258556246757507], [0.623658299446106, 0.20080453157424927], [0.623658299446106, 0.6433329582214355], [0.8286780118942261, 0.168294295668602], [0.8286780118942261, 0.6730943918228149]]}