{"z0": 50.0, "z1": -15.689434051513672, "uv": [[0.006730297580361366, 0.1587178111076355], [0.006730297580361366, 0.6644290089607239], [0.16796875, 0.2667009234428406], [0.16796875, 0.5861424207687378], [0.41335031390190125, 0.3441530168056488], [0.41335031390190125, 0.5513789057731628], [0.546875, 0.3293343782424927], [0.546875, 0.5573018789291382], [0.853463351726532, 0.17699086666107178], [0.853463351726532, 0.6469892263412476], [0.0099065862596035, 0.11490654200315475], [0.0099065862596035, 0.7183094620704651]]}